seed,arm,mask,nv,off_support,v_beh,v_opt
0,vanilla,none,0.4417,0.4625,66.35,80.92
0,vanilla,top3,0.3349,0.0,66.35,80.92
0,structured,none,0.3372,0.6347,66.35,80.92
0,structured,top3,0.3863,0.0,66.35,80.92
0,empirical,none,0.0733,0.6169,66.35,80.92
0,empirical,top3,0.2799,0.0,66.35,80.92
0,oracle,none,0.3349,0.6194,66.35,80.92
0,oracle,top3,0.291,0.0,66.35,80.92
0,QDT,none,0.5599,0.6281,66.35,80.92
0,QDT,top3,0.423,0.0,66.35,80.92
0,BC,none,0.3623,0.0278,66.35,80.92
0,BC,top3,0.3736,0.0,66.35,80.92
0,random,none,-4.4368,0.7897,66.35,80.92
0,random,top3,-1.2851,0.0,66.35,80.92
1,vanilla,none,0.1374,0.5125,73.79,80.92
1,vanilla,top3,0.062,0.0,73.79,80.92
1,structured,none,-0.1106,0.6403,73.79,80.92
1,structured,top3,0.1316,0.0,73.79,80.92
1,empirical,none,-0.4981,0.6459,73.79,80.92
1,empirical,top3,-0.0529,0.0,73.79,80.92
1,oracle,none,0.0061,0.6631,73.79,80.92
1,oracle,top3,0.1486,0.0,73.79,80.92
1,QDT,none,-0.1795,0.3762,73.79,80.92
1,QDT,top3,-0.0577,0.0,73.79,80.92
1,BC,none,0.0338,0.0,73.79,80.92
1,BC,top3,0.0338,0.0,73.79,80.92
1,random,none,-10.5241,0.7913,73.79,80.92
1,random,top3,-4.0726,0.0,73.79,80.92
2,vanilla,none,0.2128,0.4109,71.22,80.92
2,vanilla,top3,0.3667,0.0,71.22,80.92
2,structured,none,0.0911,0.6356,71.22,80.92
2,structured,top3,0.1973,0.0,71.22,80.92
2,empirical,none,-0.0532,0.6434,71.22,80.92
2,empirical,top3,0.1674,0.0,71.22,80.92
2,oracle,none,0.1679,0.6291,71.22,80.92
2,oracle,top3,0.2806,0.0,71.22,80.92
2,QDT,none,0.472,0.4153,71.22,80.92
2,QDT,top3,0.43,0.0,71.22,80.92
2,BC,none,0.3692,0.0419,71.22,80.92
2,BC,top3,0.3484,0.0,71.22,80.92
2,random,none,-7.0287,0.7913,71.22,80.92
2,random,top3,-2.4684,0.0,71.22,80.92
3,vanilla,none,0.6337,0.4884,65.79,80.92
3,vanilla,top3,0.4904,0.0,65.79,80.92
3,structured,none,0.6322,0.6022,65.79,80.92
3,structured,top3,0.3241,0.0,65.79,80.92
3,empirical,none,0.537,0.6062,65.79,80.92
3,empirical,top3,0.2541,0.0,65.79,80.92
3,oracle,none,0.6573,0.5975,65.79,80.92
3,oracle,top3,0.3658,0.0,65.79,80.92
3,QDT,none,0.6512,0.4656,65.79,80.92
3,QDT,top3,0.4169,0.0,65.79,80.92
3,BC,none,0.467,0.0069,65.79,80.92
3,BC,top3,0.4665,0.0,65.79,80.92
3,random,none,-4.22,0.7972,65.79,80.92
3,random,top3,-0.6929,0.0,65.79,80.92
4,vanilla,none,-0.0599,0.4775,72.1,80.92
4,vanilla,top3,-0.127,0.0,72.1,80.92
4,structured,none,-0.2478,0.6131,72.1,80.92
4,structured,top3,-0.2226,0.0,72.1,80.92
4,empirical,none,-0.3004,0.5969,72.1,80.92
4,empirical,top3,-0.1649,0.0,72.1,80.92
4,oracle,none,-0.1604,0.6197,72.1,80.92
4,oracle,top3,-0.2729,0.0,72.1,80.92
4,QDT,none,-0.0424,0.35,72.1,80.92
4,QDT,top3,-0.0364,0.0,72.1,80.92
4,BC,none,-0.0047,0.0325,72.1,80.92
4,BC,top3,-0.0052,0.0,72.1,80.92
4,random,none,-6.7447,0.7944,72.1,80.92
4,random,top3,-1.9562,0.0,72.1,80.92
5,vanilla,none,0.5702,0.4128,64.42,80.92
5,vanilla,top3,0.5966,0.0,64.42,80.92
5,structured,none,0.5169,0.6212,64.42,80.92
5,structured,top3,0.5225,0.0,64.42,80.92
5,empirical,none,0.347,0.6275,64.42,80.92
5,empirical,top3,0.4557,0.0,64.42,80.92
5,oracle,none,0.5857,0.6181,64.42,80.92
5,oracle,top3,0.503,0.0,64.42,80.92
5,QDT,none,0.6932,0.4478,64.42,80.92
5,QDT,top3,0.5431,0.0,64.42,80.92
5,BC,none,0.626,0.0025,64.42,80.92
5,BC,top3,0.6249,0.0,64.42,80.92
5,random,none,-3.9238,0.7809,64.42,80.92
5,random,top3,-1.3921,0.0,64.42,80.92
6,vanilla,none,0.6837,0.4969,72.17,80.92
6,vanilla,top3,0.4444,0.0,72.17,80.92
6,structured,none,0.238,0.5906,72.17,80.92
6,structured,top3,0.2924,0.0,72.17,80.92
6,empirical,none,-0.0337,0.5928,72.17,80.92
6,empirical,top3,0.1507,0.0,72.17,80.92
6,oracle,none,0.2957,0.6041,72.17,80.92
6,oracle,top3,0.2027,0.0,72.17,80.92
6,QDT,none,0.7194,0.4069,72.17,80.92
6,QDT,top3,0.6121,0.0,72.17,80.92
6,BC,none,0.4484,0.0328,72.17,80.92
6,BC,top3,0.4397,0.0,72.17,80.92
6,random,none,-7.8117,0.7844,72.17,80.92
6,random,top3,-2.9073,0.0,72.17,80.92
7,vanilla,none,0.5586,0.4016,73.12,80.92
7,vanilla,top3,0.4169,0.0,73.12,80.92
7,structured,none,0.3256,0.62,73.12,80.92
7,structured,top3,0.4135,0.0,73.12,80.92
7,empirical,none,0.1825,0.6403,73.12,80.92
7,empirical,top3,0.3093,0.0,73.12,80.92
7,oracle,none,0.5806,0.6262,73.12,80.92
7,oracle,top3,0.467,0.0,73.12,80.92
7,QDT,none,0.7167,0.5125,73.12,80.92
7,QDT,top3,0.5517,0.0,73.12,80.92
7,BC,none,0.3058,0.0238,73.12,80.92
7,BC,top3,0.3136,0.0,73.12,80.92
7,random,none,-8.683,0.7837,73.12,80.92
7,random,top3,-2.1573,0.0,73.12,80.92
8,vanilla,none,0.2206,0.3906,70.3,80.92
8,vanilla,top3,0.1738,0.0,70.3,80.92
8,structured,none,-0.084,0.6419,70.3,80.92
8,structured,top3,0.0204,0.0,70.3,80.92
8,empirical,none,-0.3767,0.6491,70.3,80.92
8,empirical,top3,-0.1967,0.0,70.3,80.92
8,oracle,none,-0.1135,0.6834,70.3,80.92
8,oracle,top3,-0.014,0.0,70.3,80.92
8,QDT,none,0.2794,0.4019,70.3,80.92
8,QDT,top3,0.1497,0.0,70.3,80.92
8,BC,none,0.2101,0.0094,70.3,80.92
8,BC,top3,0.2099,0.0,70.3,80.92
8,random,none,-6.444,0.7966,70.3,80.92
8,random,top3,-2.2671,0.0,70.3,80.92
9,vanilla,none,0.4718,0.3353,67.43,80.92
9,vanilla,top3,0.5214,0.0,67.43,80.92
9,structured,none,0.6307,0.5991,67.43,80.92
9,structured,top3,0.6344,0.0,67.43,80.92
9,empirical,none,0.4224,0.5953,67.43,80.92
9,empirical,top3,0.4922,0.0,67.43,80.92
9,oracle,none,0.5888,0.6131,67.43,80.92
9,oracle,top3,0.6193,0.0,67.43,80.92
9,QDT,none,0.5265,0.3091,67.43,80.92
9,QDT,top3,0.5298,0.0,67.43,80.92
9,BC,none,0.4692,0.0481,67.43,80.92
9,BC,top3,0.4797,0.0,67.43,80.92
9,random,none,-5.2609,0.8091,67.43,80.92
9,random,top3,-1.6579,0.0,67.43,80.92
10,vanilla,none,0.1958,0.3556,72.86,80.92
10,vanilla,top3,0.2328,0.0,72.86,80.92
10,structured,none,-0.0803,0.6244,72.86,80.92
10,structured,top3,0.1661,0.0,72.86,80.92
10,empirical,none,-0.3925,0.6391,72.86,80.92
10,empirical,top3,0.0913,0.0,72.86,80.92
10,oracle,none,-0.1957,0.6256,72.86,80.92
10,oracle,top3,0.1134,0.0,72.86,80.92
10,QDT,none,0.4532,0.4756,72.86,80.92
10,QDT,top3,0.311,0.0,72.86,80.92
10,BC,none,0.2938,0.0481,72.86,80.92
10,BC,top3,0.3191,0.0,72.86,80.92
10,random,none,-8.4188,0.7891,72.86,80.92
10,random,top3,-2.4507,0.0,72.86,80.92
11,vanilla,none,0.5775,0.5272,68.56,80.92
11,vanilla,top3,0.4678,0.0,68.56,80.92
11,structured,none,0.0183,0.6288,68.56,80.92
11,structured,top3,0.3573,0.0,68.56,80.92
11,empirical,none,-0.23,0.6553,68.56,80.92
11,empirical,top3,0.2644,0.0,68.56,80.92
11,oracle,none,-0.1082,0.6522,68.56,80.92
11,oracle,top3,0.3948,0.0,68.56,80.92
11,QDT,none,0.6909,0.6153,68.56,80.92
11,QDT,top3,0.5687,0.0,68.56,80.92
11,BC,none,0.4583,0.0419,68.56,80.92
11,BC,top3,0.4727,0.0,68.56,80.92
11,random,none,-5.0514,0.7894,68.56,80.92
11,random,top3,-1.0696,0.0,68.56,80.92
12,vanilla,none,-0.4183,0.4363,71.59,80.92
12,vanilla,top3,-0.2271,0.0,71.59,80.92
12,structured,none,0.107,0.6391,71.59,80.92
12,structured,top3,0.0079,0.0,71.59,80.92
12,empirical,none,-0.0631,0.6625,71.59,80.92
12,empirical,top3,-0.0256,0.0,71.59,80.92
12,oracle,none,0.0937,0.6144,71.59,80.92
12,oracle,top3,0.0676,0.0,71.59,80.92
12,QDT,none,-0.2425,0.4597,71.59,80.92
12,QDT,top3,-0.2055,0.0,71.59,80.92
12,BC,none,-0.1523,0.0628,71.59,80.92
12,BC,top3,-0.1498,0.0,71.59,80.92
12,random,none,-7.9059,0.8066,71.59,80.92
12,random,top3,-2.5705,0.0,71.59,80.92
13,vanilla,none,-0.2695,0.4925,70.81,80.92
13,vanilla,top3,-0.2208,0.0,70.81,80.92
13,structured,none,-0.3301,0.6438,70.81,80.92
13,structured,top3,-0.325,0.0,70.81,80.92
13,empirical,none,-0.7802,0.6525,70.81,80.92
13,empirical,top3,-0.4835,0.0,70.81,80.92
13,oracle,none,-0.296,0.6684,70.81,80.92
13,oracle,top3,-0.5409,0.0,70.81,80.92
13,QDT,none,0.0175,0.4941,70.81,80.92
13,QDT,top3,-0.1496,0.0,70.81,80.92
13,BC,none,-0.1911,0.04,70.81,80.92
13,BC,top3,-0.1908,0.0,70.81,80.92
13,random,none,-7.7395,0.785,70.81,80.92
13,random,top3,-3.2075,0.0,70.81,80.92
14,vanilla,none,0.5224,0.3994,63.26,80.92
14,vanilla,top3,0.5162,0.0,63.26,80.92
14,structured,none,0.2225,0.6291,63.26,80.92
14,structured,top3,0.3555,0.0,63.26,80.92
14,empirical,none,0.2293,0.6744,63.26,80.92
14,empirical,top3,0.3024,0.0,63.26,80.92
14,oracle,none,0.382,0.6541,63.26,80.92
14,oracle,top3,0.3151,0.0,63.26,80.92
14,QDT,none,0.6452,0.4878,63.26,80.92
14,QDT,top3,0.5647,0.0,63.26,80.92
14,BC,none,0.5346,0.0297,63.26,80.92
14,BC,top3,0.529,0.0,63.26,80.92
14,random,none,-3.6872,0.7859,63.26,80.92
14,random,top3,-0.7724,0.0,63.26,80.92
15,vanilla,none,0.4234,0.4969,69.83,80.92
15,vanilla,top3,0.4568,0.0,69.83,80.92
15,structured,none,0.2534,0.7056,69.83,80.92
15,structured,top3,0.5348,0.0,69.83,80.92
15,empirical,none,0.1249,0.6756,69.83,80.92
15,empirical,top3,0.4002,0.0,69.83,80.92
15,oracle,none,0.3015,0.7122,69.83,80.92
15,oracle,top3,0.4352,0.0,69.83,80.92
15,QDT,none,0.7017,0.5441,69.83,80.92
15,QDT,top3,0.5333,0.0,69.83,80.92
15,BC,none,0.4953,0.0516,69.83,80.92
15,BC,top3,0.4998,0.0,69.83,80.92
15,random,none,-5.86,0.7869,69.83,80.92
15,random,top3,-2.1678,0.0,69.83,80.92
16,vanilla,none,0.4964,0.41,68.85,80.92
16,vanilla,top3,0.5454,0.0,68.85,80.92
16,structured,none,-0.034,0.6634,68.85,80.92
16,structured,top3,0.322,0.0,68.85,80.92
16,empirical,none,-0.1484,0.6856,68.85,80.92
16,empirical,top3,0.3343,0.0,68.85,80.92
16,oracle,none,0.0362,0.6703,68.85,80.92
16,oracle,top3,0.3452,0.0,68.85,80.92
16,QDT,none,0.673,0.5088,68.85,80.92
16,QDT,top3,0.5996,0.0,68.85,80.92
16,BC,none,0.5559,0.0456,68.85,80.92
16,BC,top3,0.5573,0.0,68.85,80.92
16,random,none,-5.4024,0.795,68.85,80.92
16,random,top3,-1.6848,0.0,68.85,80.92
17,vanilla,none,0.3333,0.4606,68.42,80.92
17,vanilla,top3,0.4182,0.0,68.42,80.92
17,structured,none,-0.0963,0.6747,68.42,80.92
17,structured,top3,0.0601,0.0,68.42,80.92
17,empirical,none,-0.2647,0.6878,68.42,80.92
17,empirical,top3,0.0054,0.0,68.42,80.92
17,oracle,none,0.1114,0.6637,68.42,80.92
17,oracle,top3,0.1696,0.0,68.42,80.92
17,QDT,none,0.5427,0.4609,68.42,80.92
17,QDT,top3,0.424,0.0,68.42,80.92
17,BC,none,0.4629,0.0016,68.42,80.92
17,BC,top3,0.4635,0.0,68.42,80.92
17,random,none,-5.0641,0.8031,68.42,80.92
17,random,top3,-1.6822,0.0,68.42,80.92
18,vanilla,none,0.3988,0.4437,72.22,80.92
18,vanilla,top3,0.4158,0.0,72.22,80.92
18,structured,none,0.0463,0.5516,72.22,80.92
18,structured,top3,0.2503,0.0,72.22,80.92
18,empirical,none,-0.4045,0.6422,72.22,80.92
18,empirical,top3,0.1002,0.0,72.22,80.92
18,oracle,none,0.0016,0.5997,72.22,80.92
18,oracle,top3,0.1268,0.0,72.22,80.92
18,QDT,none,0.4491,0.4813,72.22,80.92
18,QDT,top3,0.274,0.0,72.22,80.92
18,BC,none,0.4273,0.0019,72.22,80.92
18,BC,top3,0.4283,0.0,72.22,80.92
18,random,none,-7.6781,0.7978,72.22,80.92
18,random,top3,-2.0374,0.0,72.22,80.92
19,vanilla,none,0.4752,0.4431,67.02,80.92
19,vanilla,top3,0.3582,0.0,67.02,80.92
19,structured,none,0.0825,0.645,67.02,80.92
19,structured,top3,0.1627,0.0,67.02,80.92
19,empirical,none,-0.0469,0.6547,67.02,80.92
19,empirical,top3,0.1479,0.0,67.02,80.92
19,oracle,none,0.1745,0.6528,67.02,80.92
19,oracle,top3,0.1177,0.0,67.02,80.92
19,QDT,none,0.6014,0.4722,67.02,80.92
19,QDT,top3,0.417,0.0,67.02,80.92
19,BC,none,0.3248,0.0834,67.02,80.92
19,BC,top3,0.3322,0.0,67.02,80.92
19,random,none,-5.2724,0.7913,67.02,80.92
19,random,top3,-1.2222,0.0,67.02,80.92
20,vanilla,none,0.605,0.4025,66.23,80.92
20,vanilla,top3,0.658,0.0,66.23,80.92
20,structured,none,0.3857,0.6147,66.23,80.92
20,structured,top3,0.5612,0.0,66.23,80.92
20,empirical,none,0.1298,0.625,66.23,80.92
20,empirical,top3,0.4424,0.0,66.23,80.92
20,oracle,none,0.4685,0.6125,66.23,80.92
20,oracle,top3,0.5633,0.0,66.23,80.92
20,QDT,none,0.667,0.4103,66.23,80.92
20,QDT,top3,0.7036,0.0,66.23,80.92
20,BC,none,0.7033,0.0059,66.23,80.92
20,BC,top3,0.7077,0.0,66.23,80.92
20,random,none,-4.4722,0.7931,66.23,80.92
20,random,top3,-0.6235,0.0,66.23,80.92
21,vanilla,none,0.4522,0.4338,70.52,80.92
21,vanilla,top3,0.47,0.0,70.52,80.92
21,structured,none,0.1177,0.6569,70.52,80.92
21,structured,top3,0.2754,0.0,70.52,80.92
21,empirical,none,-0.1158,0.6741,70.52,80.92
21,empirical,top3,0.2111,0.0,70.52,80.92
21,oracle,none,0.1839,0.6453,70.52,80.92
21,oracle,top3,0.1491,0.0,70.52,80.92
21,QDT,none,0.7653,0.5447,70.52,80.92
21,QDT,top3,0.5465,0.0,70.52,80.92
21,BC,none,0.4432,0.1234,70.52,80.92
21,BC,top3,0.4825,0.0,70.52,80.92
21,random,none,-6.6974,0.7909,70.52,80.92
21,random,top3,-1.7695,0.0,70.52,80.92
22,vanilla,none,0.3707,0.3453,71.07,80.92
22,vanilla,top3,0.2923,0.0,71.07,80.92
22,structured,none,0.3682,0.5737,71.07,80.92
22,structured,top3,0.2824,0.0,71.07,80.92
22,empirical,none,0.1989,0.5934,71.07,80.92
22,empirical,top3,0.2939,0.0,71.07,80.92
22,oracle,none,0.3796,0.5778,71.07,80.92
22,oracle,top3,0.2704,0.0,71.07,80.92
22,QDT,none,0.3602,0.3925,71.07,80.92
22,QDT,top3,0.2638,0.0,71.07,80.92
22,BC,none,0.2799,0.0178,71.07,80.92
22,BC,top3,0.2874,0.0,71.07,80.92
22,random,none,-7.3058,0.7847,71.07,80.92
22,random,top3,-2.6529,0.0,71.07,80.92
23,vanilla,none,0.4604,0.5437,71.29,80.92
23,vanilla,top3,0.2876,0.0,71.29,80.92
23,structured,none,0.1405,0.6422,71.29,80.92
23,structured,top3,0.0427,0.0,71.29,80.92
23,empirical,none,-0.1086,0.6941,71.29,80.92
23,empirical,top3,-0.0647,0.0,71.29,80.92
23,oracle,none,0.1047,0.625,71.29,80.92
23,oracle,top3,-0.0635,0.0,71.29,80.92
23,QDT,none,0.4187,0.5644,71.29,80.92
23,QDT,top3,0.2624,0.0,71.29,80.92
23,BC,none,0.2253,0.05,71.29,80.92
23,BC,top3,0.2098,0.0,71.29,80.92
23,random,none,-7.1237,0.8128,71.29,80.92
23,random,top3,-2.7659,0.0,71.29,80.92
24,vanilla,none,0.5913,0.3828,72.58,80.92
24,vanilla,top3,0.6183,0.0,72.58,80.92
24,structured,none,0.1771,0.6622,72.58,80.92
24,structured,top3,0.4904,0.0,72.58,80.92
24,empirical,none,-0.0427,0.6809,72.58,80.92
24,empirical,top3,0.2931,0.0,72.58,80.92
24,oracle,none,0.5253,0.6984,72.58,80.92
24,oracle,top3,0.5874,0.0,72.58,80.92
24,QDT,none,0.8261,0.4934,72.58,80.92
24,QDT,top3,0.7499,0.0,72.58,80.92
24,BC,none,0.594,0.0,72.58,80.92
24,BC,top3,0.594,0.0,72.58,80.92
24,random,none,-8.8059,0.7959,72.58,80.92
24,random,top3,-1.0956,0.0,72.58,80.92
25,vanilla,none,0.5447,0.4012,63.07,80.92
25,vanilla,top3,0.623,0.0,63.07,80.92
25,structured,none,0.2993,0.6178,63.07,80.92
25,structured,top3,0.4781,0.0,63.07,80.92
25,empirical,none,0.2486,0.6228,63.07,80.92
25,empirical,top3,0.4679,0.0,63.07,80.92
25,oracle,none,0.4524,0.6141,63.07,80.92
25,oracle,top3,0.5576,0.0,63.07,80.92
25,QDT,none,0.6436,0.4713,63.07,80.92
25,QDT,top3,0.6414,0.0,63.07,80.92
25,BC,none,0.6265,0.0278,63.07,80.92
25,BC,top3,0.6192,0.0,63.07,80.92
25,random,none,-3.3385,0.7869,63.07,80.92
25,random,top3,-0.4662,0.0,63.07,80.92
26,vanilla,none,0.0748,0.4541,71.04,80.92
26,vanilla,top3,0.1005,0.0,71.04,80.92
26,structured,none,0.1678,0.5472,71.04,80.92
26,structured,top3,0.1583,0.0,71.04,80.92
26,empirical,none,-0.063,0.5847,71.04,80.92
26,empirical,top3,0.0581,0.0,71.04,80.92
26,oracle,none,0.0638,0.5778,71.04,80.92
26,oracle,top3,0.0762,0.0,71.04,80.92
26,QDT,none,0.3877,0.4681,71.04,80.92
26,QDT,top3,0.3159,0.0,71.04,80.92
26,BC,none,0.1545,0.0037,71.04,80.92
26,BC,top3,0.1513,0.0,71.04,80.92
26,random,none,-7.2056,0.7884,71.04,80.92
26,random,top3,-2.7327,0.0,71.04,80.92
27,vanilla,none,0.5537,0.4216,67.89,80.92
27,vanilla,top3,0.4872,0.0,67.89,80.92
27,structured,none,0.4593,0.6534,67.89,80.92
27,structured,top3,0.5426,0.0,67.89,80.92
27,empirical,none,0.2864,0.6709,67.89,80.92
27,empirical,top3,0.4816,0.0,67.89,80.92
27,oracle,none,0.4091,0.6691,67.89,80.92
27,oracle,top3,0.5014,0.0,67.89,80.92
27,QDT,none,0.5689,0.43,67.89,80.92
27,QDT,top3,0.5222,0.0,67.89,80.92
27,BC,none,0.5274,0.0838,67.89,80.92
27,BC,top3,0.5113,0.0,67.89,80.92
27,random,none,-4.7628,0.7984,67.89,80.92
27,random,top3,-0.3605,0.0,67.89,80.92
28,vanilla,none,0.62,0.4062,65.09,80.92
28,vanilla,top3,0.6291,0.0,65.09,80.92
28,structured,none,0.3058,0.6347,65.09,80.92
28,structured,top3,0.416,0.0,65.09,80.92
28,empirical,none,0.1354,0.6484,65.09,80.92
28,empirical,top3,0.4129,0.0,65.09,80.92
28,oracle,none,0.3637,0.6344,65.09,80.92
28,oracle,top3,0.4365,0.0,65.09,80.92
28,QDT,none,0.742,0.4334,65.09,80.92
28,QDT,top3,0.6842,0.0,65.09,80.92
28,BC,none,0.6179,0.0437,65.09,80.92
28,BC,top3,0.6176,0.0,65.09,80.92
28,random,none,-4.6014,0.7772,65.09,80.92
28,random,top3,-0.9187,0.0,65.09,80.92
29,vanilla,none,0.4941,0.4819,67.71,80.92
29,vanilla,top3,0.4976,0.0,67.71,80.92
29,structured,none,0.0637,0.6534,67.71,80.92
29,structured,top3,0.3264,0.0,67.71,80.92
29,empirical,none,-0.1182,0.6609,67.71,80.92
29,empirical,top3,0.2353,0.0,67.71,80.92
29,oracle,none,0.2114,0.6447,67.71,80.92
29,oracle,top3,0.3813,0.0,67.71,80.92
29,QDT,none,0.6436,0.5069,67.71,80.92
29,QDT,top3,0.5629,0.0,67.71,80.92
29,BC,none,0.5235,0.0,67.71,80.92
29,BC,top3,0.5235,0.0,67.71,80.92
29,random,none,-4.4905,0.7972,67.71,80.92
29,random,top3,-1.2247,0.0,67.71,80.92
