expert_q,N,seed,astar_in_mask,nv_logger,nv_ceiling,nv_floor_masked,nv_floor_bare,nv_bc,nv_bc_masked,nv_dt_vanilla,nv_dt_vanilla_masked,nv_dt_structured,nv_dt_structured_masked,nv_eto_struct,nv_eto_struct_masked,nv_eto_uncon,nv_eto_uncon_masked
0.0,100,0,0.6726190476190477,0.0,0.0,0.0,-2.1652395012910843,-0.020983350844233722,0.0,-0.0014213465361234059,0.0,-0.07646413949640499,0.0,-5.578338087730393,0.0,-5.6458911970747705,0.0
0.0,100,1,0.6726190476190477,-1.0404903435695779e-15,-1.0404903435695779e-15,-1.0404903435695779e-15,-2.0796710497425206,0.03320639828877938,0.0,-0.21892278140746224,0.0,-0.2549710839909601,0.0,-5.098024042275574,0.0,-5.4504756791119195,0.0
0.0,100,2,0.6726190476190477,-9.860955914945169e-16,0.0,0.0,-1.8985254270893055,-0.016378176942437976,0.0,-0.010427212466219223,0.0,-0.02528591232731063,0.0,-4.9851680795848115,0.0,-5.04248670265925,0.0
0.0,400,0,0.6726190476190477,0.0,0.0,0.0,-1.9796199722057262,0.0,0.0,0.0943482265079032,0.0,-0.0427558638601937,0.0,-4.915583910317061,0.0,-0.7348740798296859,0.0
0.0,400,1,0.6726190476190477,-1.014436710157726e-15,0.0,0.0,-1.9999451878891317,-0.021061122368835134,0.0,0.06274977452055419,0.0,0.043527335021552406,0.0,-3.3039705303190776,0.0,-5.2765189762180125,0.0
0.0,400,2,0.6726190476190477,0.0,0.0,0.0,-1.833820559868774,0.0,0.0,0.043655533279183464,0.0,0.052762163315615,0.0,-4.2474560444835445,0.0,-4.916912809865411,0.0
0.0,1600,0,0.6726190476190477,0.0,0.0,0.0,-1.9705798729760406,0.0,0.0,0.0546226701282495,0.0,-0.25990146652140844,0.0,-4.518502925223588,0.0,0.9003925809702843,0.0
0.0,1600,1,0.6726190476190477,-1.0036044149178614e-15,0.0,0.0,-1.9605013383921144,0.0,0.0,-0.022107662832384075,0.0,-0.03523806364077283,0.0,-3.684676221706082,0.0,0.8998062601059449,0.0
0.0,1600,2,0.6726190476190477,-1.0015766449370063e-15,-1.0015766449370063e-15,-1.0015766449370063e-15,-1.9457491188654572,0.0,0.0,0.031630945330987176,0.0,-0.06468920468377211,0.0,-4.861408037142807,0.0,-2.251849128159536,0.0
0.25,100,0,0.6071428571428571,0.03774225738420561,0.19007255021027308,0.04627271781133801,-2.15241750598644,0.18953121933060493,0.017461698398656286,0.036370023716543666,0.047464746309413934,0.036370023716543666,0.047464746309413934,-4.447953047231364,0.07459328362337113,-1.6085241473247138,0.1492313578747642
0.25,100,1,0.6488095238095238,0.06138587308298253,0.22116704119053998,0.08595566702999988,-2.1267693126290306,0.1984565932597971,0.09231648377885628,0.13963392054046256,0.11350524583985686,0.006835538373706502,0.1122518415309597,-3.0518211480323987,0.13723214484402868,-2.1468221131403413,0.22116704119053998
0.25,100,2,0.6130952380952381,0.03988183449542191,0.18399306091155307,0.05090717279373106,-1.8741395557008385,0.12398742684766552,0.02298194848852598,-0.04855781285994497,0.047903175644369446,-0.04296637040925337,0.05012524613776059,-3.9175449575764274,0.06863671943978578,-3.739753645155236,0.15657947661699906
0.25,400,0,0.6071428571428571,0.05142962618418579,0.2172442074718254,0.06057941991613994,-1.9636366438693909,-0.012903920046645135,-0.0017902338941259786,0.16710820200361562,0.028617005266004057,-0.05578813897298365,0.048008215780059774,-3.7252724704844873,0.1927625081116118,-0.39847494731847544,0.2168295523263191
0.25,400,1,0.6130952380952381,0.06034302038874303,0.22303783973884636,0.06279644517508172,-2.0363333757966418,0.02175575798360409,-0.004086137772324222,0.14087643374012496,0.03170509249820339,0.021743901539113604,0.06908057366331136,-2.8466789085999586,0.16508390849030308,-1.8042219510497122,0.19948384834940613
0.25,400,2,0.6071428571428571,0.05805528792223184,0.22371294275540832,0.07500544054287112,-1.895493762802747,0.067533242619072,0.00675608918286572,0.15495212368315092,0.044126734359557634,0.14323417586733592,0.07239614184905181,-3.7032484847318243,0.17630470473952076,-1.4778197764925955,0.2009288355068015
0.25,1600,0,0.6071428571428571,0.05562167202755014,0.22410566347966124,0.07158261690589285,-1.9242678103487678,0.006791804686679028,0.006791804686679028,0.029938748713425865,-0.000431452764675997,-0.050116773898390116,0.0543709415059377,-2.2880961037123377,0.2149972679277626,0.9008898909774375,0.22410566347966124
0.25,1600,1,0.6071428571428571,0.053969571243151625,0.21985204590215915,0.06586407099434229,-1.927640236939574,0.04813231300505266,0.04813231300505266,0.06161787261699384,-0.0038708526171348026,-0.22067900752226213,0.058841340371488894,-1.736015274054027,0.21216860617361286,-0.2986688822873081,0.21985204590215915
0.25,1600,2,0.6071428571428571,0.05092648886246846,0.21543361055700677,0.06343659634229089,-1.92158999120135,0.012486303416838535,0.012486303416838535,0.10295858873054446,0.039918602836391176,0.04423769629326535,0.06824647450496305,-1.9328645349121605,0.2065133525310729,0.8589353942265847,0.21543361055700677
0.5,100,0,0.6547619047619048,-0.08544233900741321,0.1835181741434829,-0.07313912606444552,-2.0417855994643945,-0.11100491876528974,-0.08846286179182555,-0.005509509271176281,-0.05661550423193142,-0.019916464185172584,-0.047605972788124666,-4.197421983378914,-0.1987801020523445,0.9753242822406322,0.1753097703210638
0.5,100,1,0.6369047619047619,-0.08699615728316602,0.060444784159679917,-0.09838299329515786,-2.004985253758338,0.03237984585968474,0.007714419309082211,-0.0733900919936714,-0.026931364883478248,-0.23015994903508324,-0.1489147098158103,-4.393502681512443,-0.28663555567440896,0.9346093070547926,0.05647015249759109
0.5,100,2,0.6547619047619048,-0.06313257437268702,0.17279111272169595,-0.04534184144821159,-1.9844591129620612,-0.16346374940766242,-0.10293726718296684,-0.1238891505672941,-0.01068754151505493,-0.0037337254561571817,-0.006420997756630668,-4.172487886970141,-0.17370823671330612,0.9311939270238148,0.16116227721085305
0.5,400,0,0.6428571428571429,-0.07973031115527336,0.21721018265721287,-0.0471350294662931,-1.9237711485790054,-0.09565606985645816,-0.09156305963844594,-0.18961286034535033,-0.09893732511412348,0.014374013079731168,-0.10780354007579487,-3.674437519659503,-0.07271057658938071,0.89379808565888,0.20995692545480463
0.5,400,1,0.6369047619047619,-0.08486680959723636,0.19572582314492357,-0.04804598385876066,-1.9390742141668347,-0.11732349212790351,-0.11732349212790351,-0.11083944272332269,-0.07333681718746125,0.033767232534867526,-0.04814912220015464,-3.565124040155647,-0.030720258311706668,0.8403400261146499,0.18631548114446989
0.5,400,2,0.6369047619047619,-0.09435875946314519,0.17457929419659837,-0.05400324340716347,-1.9618142055201373,-0.08199546791181031,-0.07732909051343609,-0.1237564966609899,-0.0757246626368156,-0.12336575255338743,-0.11857882731636826,-3.6869013045981687,-0.1478205409061839,0.9498021874592643,0.16734603158963202
0.5,1600,0,0.6369047619047619,-0.08764948794390925,0.20356351757860822,-0.06688958328635143,-1.9147862034432637,0.056120940763132454,0.056120940763132454,0.020875518890021413,-0.04610134372211556,-0.09682820934950252,-0.03686082660609628,-2.215852410967066,0.04267675870143531,0.9523568693212834,0.2018612688297012
0.5,1600,1,0.6369047619047619,-0.08810823332238553,0.20353947008260218,-0.05827308105801414,-1.9298279246044678,-0.08006485621337125,-0.09006922599855548,-0.015323130066524082,-0.012707555939923574,-0.07305498296772438,-0.04454536008119174,-1.9774073040832356,0.11799061779341229,0.9968038301302837,0.19766340734871518
0.5,1600,2,0.6309523809523809,-0.09391080254417648,0.19005891745935974,-0.07164317048787103,-1.9804624534124358,-0.13979063240395664,-0.13979063240395664,0.051603096267620004,-0.018076122811428313,-0.1711001660561549,-0.0974637683550863,-2.993086446914007,0.07537319073063183,0.9833219433795171,0.18940291708799545
0.75,100,0,0.6845238095238095,0.13112413740397957,0.36384287780306046,0.11954836625511185,-1.9425714124041793,0.13735319901931656,0.07885192188965298,0.1507510621718981,0.200901814534968,0.10809661917813677,0.20720264031530278,-4.338297044518067,0.14267657305033926,0.5665960964848363,0.34226562162353386
0.75,100,1,0.6726190476190477,0.14193875040571333,0.3987106346007335,0.15088016797787554,-1.964863388892461,0.20622080438571436,0.11022952923657452,0.12457816258041163,0.22756282286918766,0.08769701138797657,0.24738708753776045,-4.348324475796981,0.11460518421930925,0.7453425634478963,0.37848167720720644
0.75,100,2,0.6726190476190477,0.14394894106406597,0.381005097225611,0.10574483759588953,-2.028422451676749,0.18894360534783758,0.1742048921749554,0.03764987342416383,0.2547650310026767,0.05570688580329765,0.19273600255379175,-4.412319016319215,0.155415244949879,0.7625338352405331,0.38100509722560894
0.75,400,0,0.6845238095238095,0.14857671084017926,0.4570906532804123,0.11545060464887145,-1.9413287135508974,0.23754993144732545,0.21936593059203546,0.16202115209653462,0.19580054868839916,0.14394710987032366,0.2438334351544201,-3.8356000771955254,0.17984006654371146,0.783191176011682,0.4570906532804123
0.75,400,1,0.6785714285714286,0.1340014884021532,0.43890311843184615,0.1026354810637975,-2.0100860301241386,0.18323278268666976,0.14319800822385267,0.20050243106213272,0.23068301301170732,0.13657726753430063,0.24317998653853828,-3.6499453265867516,0.17952687823026942,0.7681403354287423,0.4318998096959882
0.75,400,2,0.6726190476190477,0.1415866129596049,0.4014711386487369,0.10450943850385311,-1.9408157952291796,0.1966140369119283,0.13731046084764878,0.16133004276580903,0.19326087666554229,0.1535649508810799,0.24215242591283745,-4.282603101021063,0.1070477741169227,0.7605186120511078,0.400270926516115
0.75,1600,0,0.6845238095238095,0.142212153132095,0.44494054205266353,0.11973250276601792,-1.9453085039397577,0.08452817626964146,0.08452817626964146,0.23326947116579913,0.24142347863077573,0.1446836427480615,0.24653869097599507,-2.3228814756029124,0.1504163762738623,0.7441424977775496,0.4429204093087402
0.75,1600,1,0.6785714285714286,0.13895924977738663,0.4337773514085293,0.10379934582466135,-1.950408568641819,0.1362902468865708,0.1362902468865708,0.20060703496089252,0.20060703496089252,0.12191506849785677,0.21966640546516844,-2.3747331537666043,0.20383009535199337,0.7891853928150494,0.427846169884833
0.75,1600,2,0.6726190476190477,0.13999835729705304,0.4299288968819139,0.11640952797652664,-1.943668354317618,0.23489871361042558,0.23489871361042558,0.17947533158022866,0.18896880667602187,0.04771245360806666,0.20694686182421565,-2.4964033324056176,0.18605939365808286,0.7651701988059244,0.4265197324267262
1.0,100,0,0.8273809523809523,0.4425289704836447,0.9697264283575427,0.48875749457346074,-1.9515117002081923,0.4160826377197598,0.3413410474695247,0.6816639689112843,0.6264311056655503,0.5636972740552887,0.7582643821533064,-4.274145372765281,0.48672153150155245,0.4029106881944595,0.9616009691101213
1.0,100,1,0.8273809523809523,0.4237714776123379,0.9962124761985861,0.4294446805670499,-1.9513310661531904,0.38431176780125315,0.3493858392372748,0.4754242654539793,0.6034700787991946,0.6261733652262863,0.8273785955053472,-4.517644857198807,0.47608023058230836,0.01677496011024165,0.9962124761985861
1.0,100,2,0.7916666666666666,0.43735421716528083,0.9854976249667895,0.42980740524536876,-2.042486706238889,0.4658302444731088,0.4251886338598856,0.40079936227088425,0.4919972134684511,0.627021305567696,0.6903277622133458,-4.643456698872836,0.36991539533460793,0.5010823041670184,0.9770984979622718
1.0,400,0,0.8511904761904762,0.42622944334661433,0.9982500147178773,0.44820084411493794,-1.90913536279832,0.3889964161578523,0.3212112197588621,0.5970742197900616,0.6160879077290352,0.7585968964197736,0.8351719153760753,-3.9071880382772277,0.46279798517120174,0.7505155977492266,0.9982500147178773
1.0,400,1,0.8333333333333334,0.41607357322358907,0.9990277928436812,0.41396281461218903,-1.9766310924156487,0.4369570599164785,0.3101298245885659,0.4728084155899789,0.5237093674626064,0.6595138330365876,0.7749016509739788,-4.264003246022397,0.5374322904737859,0.8331176771012625,0.9990277928436802
1.0,400,2,0.8452380952380952,0.4139927947142126,0.998752922189755,0.46080061456064025,-1.8932249631722808,0.27359759385369437,0.27359759385369437,0.6074976749343716,0.5943702965264411,0.7136614056037475,0.8108609061897674,-2.7669689664015666,0.4256120634700074,0.41102113347085983,0.9759630571795533
1.0,1600,0,0.875,0.42783536382315385,0.9982787401616482,0.5093381015104614,-1.9106503848611505,0.37459245430124416,0.28403527706543746,0.6160894805225527,0.5868776023153242,0.6817465510133162,0.7990107935697515,-2.536465853345397,0.6103298329893736,0.9552308749398427,0.9979937188537894
1.0,1600,1,0.8630952380952381,0.428612056621901,0.9985560466262827,0.49486115273267683,-1.944610747448155,0.3548927712770759,0.2455664633702651,0.5938529211977305,0.5869480664742927,0.719988273547531,0.7556866129042586,-2.7184895785086276,0.5321940435062756,0.3346235043652101,0.9982232546725673
1.0,1600,2,0.8690476190476191,0.4199969417691029,0.9985288933792354,0.504380801237486,-1.9250832425034894,0.3636630746900196,0.3636630746900196,0.5601636543326289,0.5551228262724524,0.6731051640995596,0.738660281894767,-2.5867889715285246,0.5228515992830424,0.8284744943376544,0.9985288933792354
