seed,arm,nv,k,ratio,src,keep
0,real_BC,0.427,,,,
0,real_DT,0.619,,,,
0,dyna_bc_k1,0.481,1.0,0.5,bc,
0,dyna_bc_k2,0.331,2.0,0.5,bc,
0,dyna_bc_k4,0.464,4.0,0.5,bc,
0,dyna_bc_k8,0.567,8.0,0.5,bc,
0,dyna_bc_r0.25,0.592,2.0,0.25,bc,
0,dyna_bc_r0.5,0.301,2.0,0.5,bc,
0,dyna_bc_r0.75,0.311,2.0,0.75,bc,
0,dyna_greedy_k1,0.606,1.0,0.5,greedy,
0,dyna_greedy_k2,0.421,2.0,0.5,greedy,
0,dyna_greedy_k4,-2.14,4.0,0.5,greedy,
0,dyna_greedy_k8,-4.095,8.0,0.5,greedy,
0,dyna_greedy_r0.25,0.606,2.0,0.25,greedy,
0,dyna_greedy_r0.5,0.23,2.0,0.5,greedy,
0,dyna_greedy_r0.75,-0.148,2.0,0.75,greedy,
0,filtBC_keep0.25,0.673,,,,0.25
0,filtBC_keep0.5,0.825,,,,0.5
1,real_BC,0.398,,,,
1,real_DT,0.453,,,,
1,dyna_bc_k1,0.341,1.0,0.5,bc,
1,dyna_bc_k2,0.384,2.0,0.5,bc,
1,dyna_bc_k4,0.371,4.0,0.5,bc,
1,dyna_bc_k8,0.342,8.0,0.5,bc,
1,dyna_bc_r0.25,0.395,2.0,0.25,bc,
1,dyna_bc_r0.5,0.421,2.0,0.5,bc,
1,dyna_bc_r0.75,0.204,2.0,0.75,bc,
1,dyna_greedy_k1,0.31,1.0,0.5,greedy,
1,dyna_greedy_k2,-0.209,2.0,0.5,greedy,
1,dyna_greedy_k4,0.239,4.0,0.5,greedy,
1,dyna_greedy_k8,-2.99,8.0,0.5,greedy,
1,dyna_greedy_r0.25,0.307,2.0,0.25,greedy,
1,dyna_greedy_r0.5,0.308,2.0,0.5,greedy,
1,dyna_greedy_r0.75,0.32,2.0,0.75,greedy,
1,filtBC_keep0.25,0.766,,,,0.25
1,filtBC_keep0.5,0.722,,,,0.5
2,real_BC,0.45,,,,
2,real_DT,0.395,,,,
2,dyna_bc_k1,0.335,1.0,0.5,bc,
2,dyna_bc_k2,0.43,2.0,0.5,bc,
2,dyna_bc_k4,0.553,4.0,0.5,bc,
2,dyna_bc_k8,0.349,8.0,0.5,bc,
2,dyna_bc_r0.25,0.158,2.0,0.25,bc,
2,dyna_bc_r0.5,0.316,2.0,0.5,bc,
2,dyna_bc_r0.75,0.546,2.0,0.75,bc,
2,dyna_greedy_k1,0.379,1.0,0.5,greedy,
2,dyna_greedy_k2,0.395,2.0,0.5,greedy,
2,dyna_greedy_k4,-2.557,4.0,0.5,greedy,
2,dyna_greedy_k8,-4.234,8.0,0.5,greedy,
2,dyna_greedy_r0.25,0.424,2.0,0.25,greedy,
2,dyna_greedy_r0.5,0.405,2.0,0.5,greedy,
2,dyna_greedy_r0.75,-1.178,2.0,0.75,greedy,
2,filtBC_keep0.25,0.542,,,,0.25
2,filtBC_keep0.5,0.725,,,,0.5
3,real_BC,0.382,,,,
3,real_DT,0.417,,,,
3,dyna_bc_k1,0.315,1.0,0.5,bc,
3,dyna_bc_k2,0.306,2.0,0.5,bc,
3,dyna_bc_k4,0.306,4.0,0.5,bc,
3,dyna_bc_k8,0.417,8.0,0.5,bc,
3,dyna_bc_r0.25,0.38,2.0,0.25,bc,
3,dyna_bc_r0.5,0.263,2.0,0.5,bc,
3,dyna_bc_r0.75,0.377,2.0,0.75,bc,
3,dyna_greedy_k1,0.409,1.0,0.5,greedy,
3,dyna_greedy_k2,0.409,2.0,0.5,greedy,
3,dyna_greedy_k4,-2.202,4.0,0.5,greedy,
3,dyna_greedy_k8,-4.287,8.0,0.5,greedy,
3,dyna_greedy_r0.25,0.467,2.0,0.25,greedy,
3,dyna_greedy_r0.5,0.357,2.0,0.5,greedy,
3,dyna_greedy_r0.75,-1.141,2.0,0.75,greedy,
3,filtBC_keep0.25,0.767,,,,0.25
3,filtBC_keep0.5,0.708,,,,0.5
4,real_BC,0.467,,,,
4,real_DT,0.475,,,,
4,dyna_bc_k1,0.585,1.0,0.5,bc,
4,dyna_bc_k2,0.507,2.0,0.5,bc,
4,dyna_bc_k4,0.628,4.0,0.5,bc,
4,dyna_bc_k8,0.435,8.0,0.5,bc,
4,dyna_bc_r0.25,0.314,2.0,0.25,bc,
4,dyna_bc_r0.5,0.487,2.0,0.5,bc,
4,dyna_bc_r0.75,0.283,2.0,0.75,bc,
4,dyna_greedy_k1,0.322,1.0,0.5,greedy,
4,dyna_greedy_k2,0.182,2.0,0.5,greedy,
4,dyna_greedy_k4,-1.962,4.0,0.5,greedy,
4,dyna_greedy_k8,-2.119,8.0,0.5,greedy,
4,dyna_greedy_r0.25,0.403,2.0,0.25,greedy,
4,dyna_greedy_r0.5,-0.334,2.0,0.5,greedy,
4,dyna_greedy_r0.75,-0.888,2.0,0.75,greedy,
4,filtBC_keep0.25,0.577,,,,0.25
4,filtBC_keep0.5,0.653,,,,0.5
5,real_BC,0.332,,,,
5,real_DT,0.414,,,,
5,dyna_bc_k1,0.343,1.0,0.5,bc,
5,dyna_bc_k2,0.507,2.0,0.5,bc,
5,dyna_bc_k4,0.442,4.0,0.5,bc,
5,dyna_bc_k8,0.293,8.0,0.5,bc,
5,dyna_bc_r0.25,0.441,2.0,0.25,bc,
5,dyna_bc_r0.5,0.363,2.0,0.5,bc,
5,dyna_bc_r0.75,0.481,2.0,0.75,bc,
5,dyna_greedy_k1,0.448,1.0,0.5,greedy,
5,dyna_greedy_k2,0.446,2.0,0.5,greedy,
5,dyna_greedy_k4,-1.431,4.0,0.5,greedy,
5,dyna_greedy_k8,-3.836,8.0,0.5,greedy,
5,dyna_greedy_r0.25,0.398,2.0,0.25,greedy,
5,dyna_greedy_r0.5,0.337,2.0,0.5,greedy,
5,dyna_greedy_r0.75,0.308,2.0,0.75,greedy,
5,filtBC_keep0.25,0.4,,,,0.25
5,filtBC_keep0.5,0.668,,,,0.5
6,real_BC,0.326,,,,
6,real_DT,0.552,,,,
6,dyna_bc_k1,0.36,1.0,0.5,bc,
6,dyna_bc_k2,0.522,2.0,0.5,bc,
6,dyna_bc_k4,0.319,4.0,0.5,bc,
6,dyna_bc_k8,0.636,8.0,0.5,bc,
6,dyna_bc_r0.25,0.075,2.0,0.25,bc,
6,dyna_bc_r0.5,0.17,2.0,0.5,bc,
6,dyna_bc_r0.75,0.212,2.0,0.75,bc,
6,dyna_greedy_k1,0.124,1.0,0.5,greedy,
6,dyna_greedy_k2,0.05,2.0,0.5,greedy,
6,dyna_greedy_k4,-1.772,4.0,0.5,greedy,
6,dyna_greedy_k8,-4.632,8.0,0.5,greedy,
6,dyna_greedy_r0.25,0.391,2.0,0.25,greedy,
6,dyna_greedy_r0.5,-0.023,2.0,0.5,greedy,
6,dyna_greedy_r0.75,-1.087,2.0,0.75,greedy,
6,filtBC_keep0.25,0.561,,,,0.25
6,filtBC_keep0.5,0.59,,,,0.5
7,real_BC,0.368,,,,
7,real_DT,0.091,,,,
7,dyna_bc_k1,0.348,1.0,0.5,bc,
7,dyna_bc_k2,0.296,2.0,0.5,bc,
7,dyna_bc_k4,0.219,4.0,0.5,bc,
7,dyna_bc_k8,0.241,8.0,0.5,bc,
7,dyna_bc_r0.25,0.325,2.0,0.25,bc,
7,dyna_bc_r0.5,0.153,2.0,0.5,bc,
7,dyna_bc_r0.75,0.007,2.0,0.75,bc,
7,dyna_greedy_k1,0.365,1.0,0.5,greedy,
7,dyna_greedy_k2,-1.262,2.0,0.5,greedy,
7,dyna_greedy_k4,-2.948,4.0,0.5,greedy,
7,dyna_greedy_k8,-4.425,8.0,0.5,greedy,
7,dyna_greedy_r0.25,0.209,2.0,0.25,greedy,
7,dyna_greedy_r0.5,-0.924,2.0,0.5,greedy,
7,dyna_greedy_r0.75,-1.146,2.0,0.75,greedy,
7,filtBC_keep0.25,0.669,,,,0.25
7,filtBC_keep0.5,0.636,,,,0.5
8,real_BC,0.485,,,,
8,real_DT,0.457,,,,
8,dyna_bc_k1,0.579,1.0,0.5,bc,
8,dyna_bc_k2,0.408,2.0,0.5,bc,
8,dyna_bc_k4,0.485,4.0,0.5,bc,
8,dyna_bc_k8,0.505,8.0,0.5,bc,
8,dyna_bc_r0.25,0.3,2.0,0.25,bc,
8,dyna_bc_r0.5,0.527,2.0,0.5,bc,
8,dyna_bc_r0.75,0.478,2.0,0.75,bc,
8,dyna_greedy_k1,0.45,1.0,0.5,greedy,
8,dyna_greedy_k2,0.362,2.0,0.5,greedy,
8,dyna_greedy_k4,0.561,4.0,0.5,greedy,
8,dyna_greedy_k8,-3.153,8.0,0.5,greedy,
8,dyna_greedy_r0.25,0.147,2.0,0.25,greedy,
8,dyna_greedy_r0.5,0.184,2.0,0.5,greedy,
8,dyna_greedy_r0.75,-1.127,2.0,0.75,greedy,
8,filtBC_keep0.25,0.712,,,,0.25
8,filtBC_keep0.5,0.765,,,,0.5
9,real_BC,0.433,,,,
9,real_DT,0.54,,,,
9,dyna_bc_k1,0.426,1.0,0.5,bc,
9,dyna_bc_k2,0.296,2.0,0.5,bc,
9,dyna_bc_k4,0.225,4.0,0.5,bc,
9,dyna_bc_k8,0.323,8.0,0.5,bc,
9,dyna_bc_r0.25,0.076,2.0,0.25,bc,
9,dyna_bc_r0.5,0.413,2.0,0.5,bc,
9,dyna_bc_r0.75,0.17,2.0,0.75,bc,
9,dyna_greedy_k1,0.414,1.0,0.5,greedy,
9,dyna_greedy_k2,0.495,2.0,0.5,greedy,
9,dyna_greedy_k4,-2.922,4.0,0.5,greedy,
9,dyna_greedy_k8,-4.486,8.0,0.5,greedy,
9,dyna_greedy_r0.25,0.032,2.0,0.25,greedy,
9,dyna_greedy_r0.5,-0.053,2.0,0.5,greedy,
9,dyna_greedy_r0.75,-0.053,2.0,0.75,greedy,
9,filtBC_keep0.25,0.611,,,,0.25
9,filtBC_keep0.5,0.765,,,,0.5
