expert_q,N,seed,astar_in_mask,nv_logger,nv_ceiling,nv_floor_masked,nv_floor_bare,nv_bc,nv_bc_masked,nv_eto_struct,nv_eto_struct_masked,nv_eto_uncon,nv_eto_uncon_masked
0.0,100,0,0.08333333333333333,0.0,0.0,0.0,-2.1652395012910843,-0.020983350844233722,0.0,-5.618075210874144,0.0,-5.6458911970747705,0.0
0.0,100,1,0.08333333333333333,-1.0404903435695779e-15,-1.0404903435695779e-15,-1.0404903435695779e-15,-2.0796710497425206,0.03320639828877938,0.0,-5.098024042275574,0.0,-5.4504756791119195,0.0
0.0,100,2,0.08333333333333333,-9.860955914945169e-16,0.0,0.0,-1.8985254270893055,-0.016378176942437976,0.0,-4.721925389875004,0.0,-5.04248670265925,0.0
0.0,100,3,0.08333333333333333,-2.0066166265055387e-15,0.0,0.0,-1.9525331846282892,0.0008092258627262619,0.0,-5.2045058768746175,0.0,-5.2045058768746175,0.0
0.0,100,4,0.08333333333333333,0.0,0.0,0.0,-1.9545783943312953,-0.012873035759791223,0.0,-5.191360877984408,0.0,-5.198853060240674,0.0
0.0,400,0,0.08333333333333333,0.0,0.0,0.0,-1.9796199722057262,0.0,0.0,-4.930580325794116,0.0,-5.243163556723214,0.0
0.0,400,1,0.08333333333333333,-1.014436710157726e-15,0.0,0.0,-1.9999451878891317,-0.021061122368835134,0.0,-4.945099221183623,0.0,-5.2765189762180125,0.0
0.0,400,2,0.08333333333333333,0.0,0.0,0.0,-1.833820559868774,0.0,0.0,-4.2474560444835445,0.0,-4.916912809865411,0.0
0.0,400,3,0.08333333333333333,0.0,0.0,0.0,-1.8819693377680102,0.0,0.0,-4.974273359271443,0.0,-5.032862787941387,0.0
0.0,400,4,0.08333333333333333,0.0,0.0,0.0,-1.9576128535085333,0.0,0.0,-5.142419573624344,0.0,-5.205992834418756,0.0
0.0,1600,0,0.08333333333333333,0.0,0.0,0.0,-1.9705798729760406,0.0,0.0,-5.160131940628376,0.0,-5.227346903788948,0.0
0.0,1600,1,0.08333333333333333,-1.0036044149178614e-15,0.0,0.0,-1.9605013383921144,0.0,0.0,-4.518617354694091,0.0,-1.5023565539931025,0.0
0.0,1600,2,0.08333333333333333,-1.0015766449370063e-15,-1.0015766449370063e-15,-1.0015766449370063e-15,-1.9457491188654572,0.0,0.0,-5.111326162780785,0.0,-2.4315205537836606,0.0
0.0,1600,3,0.08333333333333333,0.0,0.0,0.0,-1.930110321394811,0.0,0.0,-5.075529629426471,0.0,-2.3255903490622214,0.0
0.0,1600,4,0.08333333333333333,0.0,0.0,0.0,-1.9480695812768298,0.0,0.0,-5.119328440013688,0.0,0.546937991155767,0.0
0.25,100,0,0.1130952380952381,0.03774225738420561,0.19007255021027308,0.04627271781133801,-2.15241750598644,0.18953121933060493,0.017461698398656286,-5.263778844219769,0.07459328362337113,-3.9111731059846235,0.17397089108525013
0.25,100,1,0.1130952380952381,0.06138587308298253,0.22116704119053998,0.08595566702999988,-2.1267693126290306,0.1984565932597971,0.09231648377885628,-3.6356146710602384,0.18299476585709687,-5.581288889109883,0.13723214484402868
0.25,100,2,0.10714285714285714,0.03988183449542191,0.18399306091155307,0.05090717279373106,-1.8741395557008385,0.12398742684766552,0.02298194848852598,-3.585490737803148,0.077504389587819,-5.013897892546446,0.1499354217033064
0.25,100,3,0.1130952380952381,0.057588217098555015,0.21925825373032498,0.0711945620402943,-1.725745033537596,0.10211988592124838,0.01074849905851955,-4.392092647216518,0.1197656249153608,-2.4815702041661782,0.20417653465106136
0.25,100,4,0.1130952380952381,0.07070293858941859,0.24480650548343819,0.08247944153388866,-1.8903055016277857,0.29513055864985666,0.023711602966746213,-4.747206828526387,0.1495293012671722,-2.5908864554681315,0.23006377905931505
0.25,400,0,0.1130952380952381,0.05142962618418579,0.2172442074718254,0.06057941991613994,-1.9636366438693909,-0.012903920046645135,-0.0017902338941259786,-3.275711414312414,0.1927625081116118,-3.368905079159324,0.2172442074718254
0.25,400,1,0.1130952380952381,0.06034302038874303,0.22303783973884636,0.06279644517508172,-2.0363333757966418,0.02175575798360409,-0.004086137772324222,-1.8748430389867043,0.15464048516525755,-1.52392067229189,0.21490308444062242
0.25,400,2,0.1130952380952381,0.05805528792223184,0.22371294275540832,0.07500544054287112,-1.895493762802747,0.067533242619072,0.00675608918286572,-2.7327955935737185,0.17854581626738902,-1.5319460198590231,0.22371294275540832
0.25,400,3,0.1130952380952381,0.0455426852680225,0.20141018104973243,0.056294329631403975,-1.8591509291385009,-0.010296698647982182,-0.006594698023904546,-3.4485574625389925,0.1770710674774719,-2.4604341473873914,0.20141018104973046
0.25,400,4,0.1130952380952381,0.05417360177240512,0.22476659356161752,0.07162013741561299,-1.9841215883166938,0.03441483283989548,0.015409354508906231,-2.8722311765295374,0.19137453113849717,-0.5147676038682638,0.22476659356161652
0.25,1600,0,0.1130952380952381,0.05562167202755014,0.22410566347966124,0.07158261690589285,-1.9242678103487678,0.006791804686679028,0.006791804686679028,-1.4373654102527873,0.2154876476647227,0.9247202708171226,0.22410566347966124
0.25,1600,1,0.1130952380952381,0.053969571243151625,0.21985204590215915,0.06586407099434229,-1.927640236939574,0.04813231300505266,0.04813231300505266,-1.6619767789150237,0.21454211597216755,0.4930953962340828,0.21985204590215915
0.25,1600,2,0.1130952380952381,0.05092648886246846,0.21543361055700677,0.06343659634229089,-1.92158999120135,0.012486303416838535,0.012486303416838535,-1.356678905264699,0.2065133525310729,0.928414302386745,0.21543361055700677
0.25,1600,3,0.1130952380952381,0.05299901900460082,0.2220391312214594,0.06658446558567695,-1.9397961786803326,0.004795073256962452,0.004795073256962452,-1.2107462857345663,0.21837562534520844,0.7889475617486157,0.21017698415760686
0.25,1600,4,0.1130952380952381,0.056141588622375706,0.22707004950002913,0.06614638848037276,-1.9389327067847957,-0.03980773340633595,-0.0061135406436762935,-2.6284871232095472,0.223416706019956,0.9230205822701795,0.22707004950002913
0.5,100,0,0.1488095238095238,-0.08544233900741321,0.1835181741434829,-0.07313912606444552,-2.0417855994643945,-0.11100491876528974,-0.08846286179182555,-3.692253874664738,-0.057781152561958773,0.9856098691884235,0.18263035779114092
0.5,100,1,0.13095238095238096,-0.08699615728316602,0.060444784159679917,-0.09838299329515786,-2.004985253758338,0.03237984585968474,0.007714419309082211,-4.387417412192733,-0.28663555567440896,0.8310107750865227,0.05647015249759109
0.5,100,2,0.13690476190476192,-0.06313257437268702,0.17279111272169595,-0.04534184144821159,-1.9844591129620612,-0.16346374940766242,-0.10293726718296684,-3.3484222800430485,0.006596318995948393,0.8999525530557595,0.1614400378032577
0.5,100,3,0.14285714285714285,-0.05618054785028679,0.1864747538046332,-0.021324668623463803,-1.7811867823701257,-0.05359162558168348,-0.043570211421872514,-3.761204684817457,-0.17557392311814835,0.8753362781077707,0.17208308568586098
0.5,100,4,0.14285714285714285,-0.1054595037121534,0.14057087609267313,-0.0598514406184362,-2.0263949798102603,-0.11295426056590863,-0.08066242089246556,-4.41183782329067,0.0038236998315033556,0.7905822063643959,0.13716229359201051
0.5,400,0,0.16071428571428573,-0.07973031115527336,0.21721018265721287,-0.0471350294662931,-1.9237711485790054,-0.09565606985645816,-0.09156305963844594,-3.729868516752114,-0.19788023618859835,0.8565714796827251,0.215447336208776
0.5,400,1,0.15476190476190477,-0.08486680959723636,0.19572582314492357,-0.04804598385876066,-1.9390742141668347,-0.11732349212790351,-0.11732349212790351,-3.5882281030320544,0.030863046078078674,0.847435354272444,0.18056353061860797
0.5,400,2,0.1488095238095238,-0.09435875946314519,0.17457929419659837,-0.05400324340716347,-1.9618142055201373,-0.08199546791181031,-0.07732909051343609,-3.3136649101937588,-0.13498027821561584,0.9076116270586123,0.17006147222292126
0.5,400,3,0.1488095238095238,-0.07266824770058733,0.18514927046769905,-0.0517155559573881,-1.8119467509680658,-0.0854426917174904,-0.0854426917174904,-3.1914733888097992,-0.1991507514131066,0.8373723357892864,0.1834983944879928
0.5,400,4,0.1488095238095238,-0.08966548420373024,0.19039243906841055,-0.06619035249705298,-2.0058023753366316,-0.08288855617103788,-0.08288855617103788,-3.297313577835203,-0.23190699698980524,0.8863213232384519,0.19039243906841055
0.5,1600,0,0.16071428571428573,-0.08764948794390925,0.20356351757860822,-0.06688958328635143,-1.9147862034432637,0.056120940763132454,0.056120940763132454,-2.077133478501597,0.08003447624709464,0.8836288487877341,0.19826235333944478
0.5,1600,1,0.15476190476190477,-0.08810823332238553,0.20353947008260218,-0.05827308105801414,-1.9298279246044678,-0.08006485621337125,-0.09006922599855548,-1.8444911582138164,0.10644316613386252,0.8390895978930751,0.19843025718049198
0.5,1600,2,0.1488095238095238,-0.09391080254417648,0.19005891745935974,-0.07164317048787103,-1.9804624534124358,-0.13979063240395664,-0.13979063240395664,-1.6935552485418608,0.14534978663810483,0.9403733805434599,0.18449674651951076
0.5,1600,3,0.16071428571428573,-0.08055168177895604,0.2225250214920042,-0.05638356272404198,-1.8963603337296113,-0.05229573589794835,-0.07813972515297908,-1.5251375426200098,0.08321878692744616,0.8926134640450895,0.22203618907861014
0.5,1600,4,0.15476190476190477,-0.08635123858128765,0.20717734080921302,-0.0633629647159299,-1.940039267363349,-0.11393415059208566,-0.16545858804158942,-2.252076075077416,0.018817704136226597,0.9545017724029445,0.20717734080921402
0.75,100,0,0.23809523809523808,0.13112413740397957,0.36384287780306046,0.11954836625511185,-1.9425714124041793,0.13735319901931656,0.07885192188965298,-4.323465545545179,0.14267657305033926,0.7109666614012754,0.34226562162353386
0.75,100,1,0.2261904761904762,0.14193875040571333,0.3987106346007335,0.15088016797787554,-1.964863388892461,0.20622080438571436,0.11022952923657452,-4.338583671487633,0.11240214351702604,0.6198022186090996,0.37432246550564535
0.75,100,2,0.2261904761904762,0.14394894106406597,0.381005097225611,0.10574483759588953,-2.028422451676749,0.18894360534783758,0.1742048921749554,-4.470532240896947,0.20078327591018555,0.8729134154542489,0.38100509722560894
0.75,100,3,0.2261904761904762,0.14005306847217835,0.39685473881085515,0.12150676428564047,-1.9817698330064624,0.10049446812461348,0.047028977433925805,-4.331234588528879,0.08516220278470679,0.7671757638251794,0.3957115793721134
0.75,100,4,0.2261904761904762,0.12685120230946662,0.3630493600410601,0.08687327655448986,-2.1805485573983274,0.05542821902487955,0.07106346877810527,-4.780945958519192,0.13508836662139959,0.6982736742456372,0.34848934132518267
0.75,400,0,0.2619047619047619,0.14857671084017926,0.4570906532804123,0.11545060464887145,-1.9413287135508974,0.23754993144732545,0.21936593059203546,-3.8432864399194364,0.12309572786129334,0.780561658907834,0.4570906532804123
0.75,400,1,0.25595238095238093,0.1340014884021532,0.43890311843184615,0.1026354810637975,-2.0100860301241386,0.18323278268666976,0.14319800822385267,-4.00231079381613,0.09489890805049235,0.7088298307023866,0.42568747024540093
0.75,400,2,0.24404761904761904,0.1415866129596049,0.4014711386487369,0.10450943850385311,-1.9408157952291796,0.1966140369119283,0.13731046084764878,-4.2778892892198925,-0.002681704492051681,0.7425292836217232,0.400270926516115
0.75,400,3,0.25,0.1429036583284551,0.43118117979213866,0.11122293999950097,-1.9422740733722255,0.13505598009640832,0.09720238540250191,-4.149976130082343,0.21558421108459302,0.7288406381273838,0.40297261614805646
0.75,400,4,0.25,0.14760008553007192,0.4399833292871187,0.11528534961377353,-1.9032832054437163,0.13458329019509155,0.07399407284140282,-3.8453045374107844,0.2452696253158738,0.724143292171501,0.4089159186147957
0.75,1600,0,0.26785714285714285,0.142212153132095,0.44494054205266353,0.11973250276601792,-1.9453085039397577,0.08452817626964146,0.08452817626964146,-3.0692939083778694,0.1951729959830228,0.9340408179949717,0.44023993895354513
0.75,1600,1,0.2619047619047619,0.13895924977738663,0.4337773514085293,0.10379934582466135,-1.950408568641819,0.1362902468865708,0.1362902468865708,-2.6415161693638076,0.1604933678584004,0.7737853405067816,0.4337773514085293
0.75,1600,2,0.25595238095238093,0.13999835729705304,0.4299288968819139,0.11640952797652664,-1.943668354317618,0.23489871361042558,0.23489871361042558,-1.8806353815654484,0.1954595533843357,0.7651701988059244,0.42802283892473514
0.75,1600,3,0.26785714285714285,0.1462633611862506,0.4432009436697019,0.1271753753000766,-1.8948781180120298,0.2120799737404095,0.17548529711670868,-2.8192111275513034,0.20366909238241407,0.8215822249743334,0.4389537060730728
0.75,1600,4,0.25595238095238093,0.1450959433393143,0.43389927412146684,0.12490917499804467,-1.924615339156406,0.17502551787313902,0.16941798188436052,-2.7559167378072362,0.2082008589969424,0.737396178043251,0.4319952944832893
1.0,100,0,0.44642857142857145,0.4425289704836447,0.9697264283575427,0.48875749457346074,-1.9515117002081923,0.4160826377197598,0.3413410474695247,-4.294358892175404,0.48112680708222716,0.4936286970768906,0.9616009691101213
1.0,100,1,0.4523809523809524,0.4237714776123379,0.9962124761985861,0.4294446805670499,-1.9513310661531904,0.38431176780125315,0.3493858392372748,-4.3814925493543795,0.47608023058230836,-0.3040122788817783,0.9962124761985861
1.0,100,2,0.44642857142857145,0.43735421716528083,0.9854976249667895,0.42980740524536876,-2.042486706238889,0.4658302444731088,0.4251886338598856,-4.716534867618281,0.48252458782175245,0.472188706637953,0.9770984979622718
1.0,100,3,0.4226190476190476,0.41959991630712046,0.8593933197580774,0.36969243306211835,-2.0486766330738795,0.34087768245066136,0.25320031116799036,-4.655698126912262,0.4262528181873745,0.3965567327561567,0.8593933197580774
1.0,100,4,0.43452380952380953,0.41795747142725026,0.987375140750119,0.4521595903137944,-1.8515330035787145,0.47567056327191365,0.38084538867714207,-4.104935629364731,0.5426966693090128,0.4531234274329688,0.987375140750119
1.0,400,0,0.5119047619047619,0.42622944334661433,0.9982500147178773,0.44820084411493794,-1.90913536279832,0.3889964161578523,0.3212112197588621,-4.328274044126312,0.42007527844320924,0.7514236273485236,0.9982500147178773
1.0,400,1,0.4880952380952381,0.41607357322358907,0.9990277928436812,0.41396281461218903,-1.9766310924156487,0.4369570599164785,0.3101298245885659,-4.452557308794014,0.4967058644488408,0.5245054258618999,0.9990277928436802
1.0,400,2,0.5119047619047619,0.4139927947142126,0.998752922189755,0.46080061456064025,-1.8932249631722808,0.27359759385369437,0.27359759385369437,-4.169301480302966,0.44126452791504733,0.4213049924738724,0.9747899386579003
1.0,400,3,0.5059523809523809,0.42362677539666416,0.9987286647973402,0.48697053167153714,-1.9797046743719102,0.20402929839557274,0.20402929839557274,-4.413961454721283,0.4506024620216953,0.7264744375940415,0.9987286647973402
1.0,400,4,0.5059523809523809,0.42997445602193973,0.9984214519752255,0.46651109376947847,-2.0128470609806404,0.3168415981180486,0.3432823345129123,-4.365533503010371,0.41504998861009046,0.4166686522316612,0.9984214519752255
1.0,1600,0,0.5416666666666666,0.42783536382315385,0.9982787401616482,0.5093381015104614,-1.9106503848611505,0.37459245430124416,0.28403527706543746,-3.322709048874001,0.5296870140670757,0.9464815404271886,0.9979937188537894
1.0,1600,1,0.5297619047619048,0.428612056621901,0.9985560466262827,0.49486115273267683,-1.944610747448155,0.3548927712770759,0.2455664633702651,-2.167124778195946,0.5699175583534792,0.7841091776464734,0.9982232546725673
1.0,1600,2,0.5357142857142857,0.4199969417691029,0.9985288933792354,0.504380801237486,-1.9250832425034894,0.3636630746900196,0.3636630746900196,-2.4208062582924526,0.66349961300077,0.9775320568709116,0.9985288933792354
1.0,1600,3,0.5476190476190477,0.4239603882017639,0.998553300694144,0.5143338453099651,-1.9067258122123496,0.40254496000327367,0.40254496000327367,-2.5683049827584004,0.6197636119607597,0.9666454542832739,0.9982883314205236
1.0,1600,4,0.5416666666666666,0.4259945708740723,0.9984259560210446,0.5203104104442381,-1.948845930721323,0.5731089313295512,0.4781880151300135,-2.9335224998772693,0.4467225175704111,0.9615163620882262,0.9984259560210446
